{
  "title": "main",
  "description": "",
  "variables": {},
  "metadata": {},
  "types": {},
  "eventListeners": {
    "vbEnter": {
      "chains": [
        {
          "parameters": {},
          "chain": "vbEnterListener"
        }
      ]
    }
  },
  "imports": {
    "components": {
      "oj-form-layout": {
        "path": "ojs/ojformlayout"
      },
      "oj-input-text": {
        "path": "ojs/ojinputtext"
      },
      "oj-select-single": {
        "path": "ojs/ojselectsingle"
      }

   }
  },
  "security": {
    "access": {
      "requiresAuthentication": false
    }
  }
}